use hospital_universitario;

/*desc estagiarios;*/
/* Insere na tabela de usuarios*/
/*select Count(*) from pacientes;*/

insert into usuarios values
	('021.446.717-41', 'João da Silva e Silva', '$2y$10$7jWU2w3ajIPD5AWU4waoI.lAVWl6kRLyq5r8AxzmfcTPO8aKKW8AK', 'joaosilva.hp@gmail.com', '1980-12-05', 'Administrador', 'M', '0010101', 1),
	('174.985.367-13', 'Juscelino Silva dos Santos', '$2y$10$BalMabIIQvI24RxDR1WWlumoorsZHfAQCoiK4lt697CUIR8kkPg9a', 'santosjuscelino.hp@gmail.com', '1976-01-19', 'Administrador', 'M', '11010110', 1),
	('175.585.124-92', 'Maria joaquina Drumond', '$2y$10$833Prl7EMsN8LJ4qgtBh5egUKcN97Pg38aLL414CM.eEdft3as5zK', 'mariazinhaquina@gmail.com', '1995-07-12', 'Administrador', 'F', '00100101', 1),
	
	('202.457.365-11', 'Vinicius Martins magalhães', '$2y$10$m13rSbDG8pumBifJAuLZF.1payfEJBSjSkBkiHxYdcpXPc/ZQ0WHi', 'mmvinicius@gmail.com', '1989-09-24', 'Enfermeiro Chefe', 'M', '00110101001', 1),
	('658.002.101-02', 'Ambrozina pereira amorim', '$2y$10$cQo4T3yyEnZqiHGHUqGfOusxbYhnf6IlT0rV4egtjD.v3QOBFTAWy', 'amorim.Ambozina@gmail.com', '1974-04-27', 'Enfermeiro Chefe', 'F', '10001010', 1),
	('475.013.135-62', 'Ana Catarina Melo', '$2y$10$dtKg3N94yiKc7jMBvUamXum0LFVa5xlzCfT.dVgZozKEjZLiFntCm', 'anna.melocatarina@gmail.com', '1986-10-11', 'Enfermeiro Chefe', 'F', '010010110', 1),
	
	('046.822.991-40', 'Fernando Miguel Galvão', '$2y$10$9FsmLSiyhp0xAPLWD7RiZurInmcIj1qQGldVtgKJiP.4YWaYpHf52', 'fernandomiguelgalvao-92@gmail.com', '1959-04-23', 'Enfermeiro', 'M', '011010001', 1),
	('072.003.190-74', 'Isaac Márcio Enrico Almada', '$2y$10$SrJHuxfHw3IDg3UcY5WVVOPG.ZyxXySNjV.hzq3F43JknRApuDOxy', 'malfada.enricoIsaac@gmail.com', '1988-07-26', 'Enfermeiro', 'M', '110100101', 1),
	('127.066.920-65', 'Rafael Yago Rocha', '$2y$10$.BFJ5l8fQCR3clgk2n6N6OnubnB9Pwjzq5mlhxWNRsxZEyV6dD5qm', 'Yagorafael.hp@gmail.com', '1968-09-26', 'Enfermeiro', 'M', '11010010100', 1),
	('136.382.370-10', 'Diego Luan Cardoso', '$2y$10$uYc0tNJkj37Ym6H3lhDxYun5ioRSeSC1Obu0tiK3zt2TaFx.DXo/.', 'dieguinho87luan@gmail.com', '1968-02-18', 'Enfermeiro', 'M', '1101010', 1),
	('873.325.550-42', 'Cauã Mário da Luz', '$2y$10$MhfrDoHO1bSX5TsHJcbUtOvdvv1Gx7CnGT5fgywgqc8dPprnBlnra', 'cauamariodaluz.81@gmail.com', '1984-07-07', 'Enfermeiro', 'M', '001011011', 1),
	('250.414.528-74', 'Alfredo Estrada Félix', '$2y$10$cl2nLZJ2nHvpevacee/ECOizvpoRO3S.4RFkh5ybhu8EK1CiKx8mO', 'estrada.felixfred@gmail.com', '1979-02-27', 'Enfermeiro', 'M', '110100101', 1),
	('252.696.001-73', 'Brenda Estefanir souza', '$2y$10$Iefi01NgzHu8ho8JQS6FMOkcwbNFMDqs6ioIdrIejml6Ls8FnJvIS', 'brendasouza.hp@gmail.com', '1995-07-29', 'Enfermeiro', 'F', '0100110101011', 1),
	('841.084.862-77', 'Diego Theo Nathan Vieira', '$2y$10$nyOf77xJhEoO70igqRqQwO3q0W0IMojblRKd7VgLf5B33zT8BKLgS', '_diegotheonathanvieira@gmail.com', '1992-02-25', 'Enfermeiro', 'M', '1010010101', 1),
	('558.570.920-86', 'Jaqueline Marina da Cunha', '$2y$10$zg9Vw01B7MbJt1CAXLKSDegalLV/LQQ8iI8nYu5AKmo8xW9vDQqxm', 'cunha.jaquemarina@gmail.com', '1987-08-21', 'Enfermeiro', 'F', '0010110101', 1),
	('607.500.500-55', 'Alfredo Estrada Félix', '$2y$10$Wu/px0e4vm4Spgl5MZNSUez5.GAiij1Bwwi1ad.0q795GsD0XxBW2', 'suelimirellaaparecidadossantos@gmail.com', '1971-01-21', 'Enfermeiro', 'F', '11001010', 1),
	
	('657.687.833-85', 'Rayssa Larissa da Rosa', '$2y$10$DjAbHQlHcmPAiprncqRuAedBVqjYv4afl0gOZJNC/4RoruAkE1Tsm', 'rrayssalarissadarosa@gmail.com', '1994-11-14', 'Estagiario', 'F', '00100010', 1),
	('868.500.956-17', 'Marlene Sarah Alana Moura', '$2y$10$/MmXXJJqWGpt.JnNLwIa2.N.AKT1mdmoG4QZrA/B4viXtHuOW8ibW', 'smmarlenesarahalanamoura@gmail.com', '1992-11-06', 'Estagiario', 'F', '01001010', 1),
	('645.566.964-96', 'Nina Gabriela Camila Figueiredo', '$2y$10$Onr6Wp/qTFzffQSjEXtwY.6MIwNS97OvqvaPaB4ALl9oXMob/5iY6', 'inagabrielacamilafigueiredo@gmail.com', '1971-01-21', 'Estagiario', 'F', '010100111', 1),
	('213.223.336-53', 'Severino Nathan Ferreira', '$2y$10$rRw3K2MDhRtuKzZCQD1hM.jOVwuTxWQP6McGSuX39hxeBCjGOg.ne', 'severinonathanferreira@gmail.com', '1996-02-17', 'Estagiario', 'M', '011111000', 1);
	
	
    

/*Insere na tabela de administradores*/
INSERT INTO administradores VALUES
	('021.446.717-41'), /*esse CPF faz referencia ao registro na tabela de usuarios*/
	('175.585.124-92'),
	('174.985.367-13');

/* Insere na tabela de cargos*/
INSERT INTO cargo Values
	('1','Administrador'),
    ('2','Enfermeiro Chefe'),
    ('3','Enfermeiro'),
    ('4','Estagiario');

/*Insere na tabela enfermeiros*/
INSERT INTO enfermeiros VALUES
	('252.696.001-73','BA-000.000.004','1'),
	('250.414.528-74','BA-000.000.005','1'),
	('127.066.920-65','BA-000.000.006','1'),
	('558.570.920-86','BA-000.000.007','1'),
	('136.382.370-10','BA-000.000.008','1'),
	('072.003.190-74','BA-000.000.009','0'),
	('873.325.550-42','BA-000.000.010','0'),
	('607.500.500-55','BA-000.000.011','0'),
	('841.084.862-77','BA-000.000.012','0'),
	('046.822.991-40','BA-000.000.013','0');

/* Insere na tabela de enfermeiros_chefes*/
INSERT INTO enfermeiros_chefes VALUES
	('202.457.365-11', 'BA-000.000.001'),
	('475.013.135-62', 'BA-000.000.003'),
	('658.002.101-02', 'BA-000.000.002');

    
/*Insere na tabela estagiarios*/
INSERT INTO estagiarios VALUES
	('657.687.833-85','0'),
	('868.500.956-17','0'),
	('645.566.964-96','0'),
	('213.223.336-53','0');


/* Insere na tabela de pacientes*/
INSERT INTO pacientes VALUES
	('Rafaela Eloá Raquel Campos','F','alta','2002-08-07','622.748.620-52','A-'),
	('Amanda Jéssica Caroline de Paula','F','internado','1968-04-06','065.799.448-03','B+'),
	('Vera Tânia Bruna da Conceição','F','alta','1953-008-26','341.846.973-64','B+'),
	('Pedro Henrique Henrique Juan Dias','M','alta','1953-02-05','429.326.274-14','AB-'),
	('Otávio Theo Elias Moura','M','alta','1968-08-21','167.879.644-12','B-'),
	('Analu Caroline dos Santos','F','alta','1989-12-01','981.757.680-96','O-'),
	('Francisca Joana Simone da Luz','F','alta','1961-03-27','325.227.456-62','O+'),
	('Bárbara Antonella Marina Corte Real','F','alta','1987-12-03','649.100.528-36','O-'),
	('Camila Rosângela Aparecida Melo','F','alta','1970-04-10','419.234.708-33','O+'),
	('Valentina Fátima Santos','F','alta','2000-01-12','759.661.020-07','O-'),
	('Olivia Natália Sueli de Paula','F','alta','1984-05-05','012.456.594-80','AB-'),
	('Francisca Bruna Eduarda Vieira','F','alta','1994-06-04','613.234.078-55','B+'),
	( 'Liz Francisca Fogaça','F','alta','1998-10-13', '575.168.453-29', 'O+'),
	('Teresinha Jaqueline da Cunha','F','alta','1979-06-05', '436.232.985-49', 'AB+'),
	('Leandro Mário Ferreira','M','alta','1975-12-21', '483.410.653-55', 'O-'),
	('Analu Aparecida Vanessa Brito','F','alta','1963-02-19', '921.670.790-95', 'B+'),
	('Rosângela Alícia das Neves','F','alta','1954-12-24', '068.103.730-04', 'B-'),
	('Louise Clara Fernanda Teixeira','F','alta','1972-10-13', '844.695.514-81', 'O+'),
	('Pietro Levi Cláudio Costa','M','alta','1961-02-26', '107.590.579-66', 'A+'),
	('Andreia Ana Campos','F','alta','1983-12-06', '294.023.462-01', 'B+'), 
	('Luiz Calebe Luís Castro','M','alta','1988-06-04', '851.618.421-80', 'A+'),
	('Carla Isabel Beatriz Fogaça','F','alta','1965-12-07', '742.819.788-01', 'AB+'),
	('Cauê Ian Victor Lopes','M','alta','1955-12-25', '538.758.667-38', 'AB-'), 
	('Analu Renata Eliane Aragão','F','alta','1996-12-09', '188.647.372-27', 'O+'),
	('Esther Benedita Farias','F','alta','1948-03-11', '645.173.749-63', 'A-'),
	('Tomás Giovanni Nelson Freitas','M','alta','1983-05-06', '666.418.353-67', 'AB-'),
	('Guilherme Noah Gael Nascimento','M','alta','1975-03-24', '578.205.336-41', 'O-'),
	('Anderson Manuel da Cunha','M','alta','1967-07-16', '448.953.115-03', 'A-'),
	('Pietra Mariah da Rosa','F','alta','1977-05-11', '530.492.786-92', 'A+'),
	('Vinicius Mateus Santos','M','alta','1955-09-27', '486.038.078-92', 'A+'),
	('Brenda Joana Fernanda Novaes','F','alta','1998-11-03', '140.949.640-61', 'O-'),
	('Stefany Marlene Marina Freitas','F','alta','2001-05-07', '269.530.728-49', 'B+'),
	('Stella Camila Castro','F','alta','1958-02-26', '787.976.063-67', 'A-'),
	('Liz Daiane Cavalcanti','F','alta','1980-06-19', '195.907.118-12', 'AB-'),
	('Tiago Geraldo Fogaça','M','alta','1998-01-04', '065.603.436-00', 'O-'),
	('Caleb Bruno Ferreira','M','internado','1949-09-25', '224.447.809-22', 'O-'),
	('Paulo Sebastião Sales','M','internado','1982-05-14', '494.194.016-42', 'A-'),
	('Victor Renan Assis','M','alta','1948-10-03', '800.170.953-10', 'AB+'),
	('Hugo Gael Fernandes','M','internado','1944-03-12', '345.048.927-58', 'O-'),
	('Lorena Lúcia Nascimento','F','internado','1943-04-04', '037.734.615-26', 'A-'),
	('Sueli Luna Martins','F','internado','1961-12-12', '009.812.684-98', 'A-'),
	('Eliane Julia Aragão','F','internado','2002-08-14', '263.899.863-00', 'B+'),
	('Ester Maya Alice da Paz','F','internado','1971-08-04', '450.331.323-18', 'O+'),
	('Raimundo Daniel das Neves','M','internado','1985-09-04', '799.171.576-03', 'A+'),
	('Isadora Natália da Mata','F','internado','1955-11-12', '901.930.181-01', 'AB+'),
	('Levi Leandro Otávio Duarte','M','internado','1974-08-11', '626.142.628-70', 'A+'),
	('Sophia Alícia Campos','F','internado','1948-11-01', '201.095.279-09', 'A-'),
	('Benjamin Bento Rodrigues','M','internado','1967-06-21', '856.213.656-58', 'A+'),
	('Jennifer Clarice Assunção','F','internado','1993-04-09', '029.226.827-06', 'B-'),
	('Giovana Lorena Pires','F','internado','1975-12-03', '501.661.629-90', 'AB-'),
	('Julho Florence Alves','M','obito','1980-02-04', '201.441.679-22', 'A-'),
	('Julho Algustino Silva','M','obito','1990-01-24', '107.341.659-12', 'A+'),
	('Giovane Damasco Touro','F','obito','1979-11-07', '481.561.521-91', 'O+'),
	('Julia Lama Sousa','F','obito','1978-12-17', '491.591.529-81', 'AB'),
	('Giovano Jorge Cerqueira','M','obito','1985-12-03', '401.561.328-95', 'O-');

INSERT INTO leitos VALUES
	('1','LB001'),
	('1','LB002'),
	('1','LB003'),
	('1','LB004'),

	('1','LC001'),
	('1','LC002'),
	('1','LC003'),
	('1','LC004'),

	('1','LD001'),
	('1','LD002'),
	('1','LD003'),
	('1','LD004'),

	('1','LE001'),
	('1','LE002'),
	('1','LE003'),
	('0','LE004'),

	('0','LF001'),
	('0','LF002'),
	('0','LF003'),
	('0','LF004'),

	('0','LA001'),
	('0','LA002'),
	('0','LA003'),
	('0','LA004'),

	('0','LG001'),
	('0','LG002'),
	('0','LG003'),
	('0','LG004');


INSERT INTO prontuarios (aberto,ID,Data_Internacao,Data_Saida,Id_leito,Cpfpaciente) VALUES
	(1, 1, '2021-05-11', '0000-00-00', 'LD003', '065.799.448-03'),
	(0, 2, '2020-05-11', '2020-05-30', 'LB001', '065.799.448-03'),
	(0, 3, '2020-01-11', '2020-01-22', 'LB001', '065.799.448-03'),
	(0, 4, '2019-02-11', '2019-03-04', 'LB001', '065.799.448-03'),

	(0, 5, '2005-06-21', '2005-07-09', 'LB001', '622.748.620-52'),
	(0, 6, '2010-01-18', '2010-01-31', 'LB001', '622.748.620-52'),
	(0, 7, '2010-02-06', '2010-03-24', 'LB001', '622.748.620-52'),

	(0, 8, '2001-02-06', '2001-02-19', 'LB001', '341.846.973-64'),
	(0, 9, '2001-07-24', '2001-09-12', 'LB001', '341.846.973-64'),
	(0, 10, '2005-11-01', '2006-02-27', 'LB001', '341.846.973-64'),
	(0, 11, '2008-06-06', '2008-06-17', 'LB001', '341.846.973-64'),
	(0, 12, '2011-04-26', '2011-04-30', 'LB001', '341.846.973-64'),
	(0, 13, '2013-10-12', '2013-11-05', 'LB001', '341.846.973-64'),
	(0, 14, '2016-02-06', '2016-03-04', 'LB001', '341.846.973-64'),

	(0, 15, '2005-08-27', '2005-08-30', 'LB001', '429.326.274-14'),
	(0, 16, '2017-09-18', '2018-12-21', 'LB001', '429.326.274-14'),
	(0, 17, '2020-07-08', '2020-07-10', 'LB001', '429.326.274-14'),

	(0, 18, '2002-05-11', '2002-05-16', 'LB001', '167.879.644-12'),
	(0, 19, '2007-07-25', '2007-08-22', 'LB001', '167.879.644-12'),
	(0, 20, '2009-11-19', '2009-12-26', 'LB001', '167.879.644-12'),
	(0, 21, '2015-07-14', '2015-12-07', 'LB001', '167.879.644-12'),

	(0, 22, '2003-05-14', '2003-05-26', 'LB001', '981.757.680-96'),
	(0, 23, '2003-07-14', '2003-07-18', 'LB001', '981.757.680-96'),
	(0, 24, '2003-07-21', '2003-08-29', 'LB001', '981.757.680-96'),
	(0, 25, '2016-11-17', '2016-03-02', 'LB001', '981.757.680-96'),
	(0, 26, '2017-06-15', '2017-07-19', 'LB001', '981.757.680-96'),
	
	(0, 27, '2002-08-06', '2002-09-13', 'LB001', '325.227.456-62'),
	(0, 28, '2002-09-14', '2002-09-29', 'LB001', '325.227.456-62'),
	(0, 29, '2007-11-04', '2007-11-18', 'LB001', '325.227.456-62'),
	(0, 30, '2019-04-07', '2019-05-05', 'LB001', '325.227.456-62'),
	
	(0, 31, '2005-05-10', '2015-05-20', 'LB001', '649.100.528-36'),
	(0, 32, '2012-07-16', '2012-08-27', 'LB001', '649.100.528-36'),
	(0, 33, '2014-10-01', '2014-10-05', 'LB001', '649.100.528-36'),
	(0, 34, '2018-07-08', '2018-07-15', 'LB001', '649.100.528-36'),
	
	(0, 35, '2001-02-05', '2001-02-25', 'LB001', '419.234.708-33'),
	(0, 36, '2007-07-11', '2007-07-15', 'LB001', '419.234.708-33'),
	(0, 37, '2008-06-24', '2008-07-27', 'LB001', '419.234.708-33'),
	(0, 38, '2011-10-06', '2011-11-24', 'LB001', '419.234.708-33'),
	
	(0, 39, '2002-01-06', '2002-01-15', 'LB001', '759.661.020-07'),
	(0, 40, '2006-12-22', '2007-01-07', 'LB001', '759.661.020-07'),
	(0, 41, '2020-08-09', '2020-08-11', 'LB001', '759.661.020-07'),
	(0, 42, '2020-04-14', '2020-04-14', 'LB001', '759.661.020-07'),
	
	(0, 43, '2011-04-17', '2011-04-24', 'LB001', '012.456.594-80'),
	(0, 44, '2011-09-30', '2011-10-07', 'LB001', '012.456.594-80'),
	(0, 45, '2017-01-06', '2017-01-24', 'LB001', '012.456.594-80'),
	(0, 46, '2021-02-06', '2021-02-28', 'LB001', '012.456.594-80'),
	
	(0, 47, '2000-12-04', '2000-12-15', 'LB001', '613.234.078-55'),
	(0, 48, '2001-07-06', '2001-07-11', 'LB001', '613.234.078-55'),
	(0, 49, '2005-02-22', '2005-03-31', 'LB001', '613.234.078-55'),
	(0, 50, '2013-02-03', '2013-02-19', 'LB001', '613.234.078-55'),
	
	(0, 51, '2002-08-02', '2002-08-15', 'LB001', '575.168.453-29'),
	(0, 52, '2007-09-24', '2007-10-09', 'LB001', '575.168.453-29'),
	(0, 53, '2007-04-12', '2007-04-27', 'LB001', '575.168.453-29'),
	(0, 54, '2013-10-01', '2013-10-14', 'LB001', '575.168.453-29'),
	
	(0, 55, '2001-12-16', '2001-12-23', 'LB001', '436.232.985-49'),
	(0, 56, '2003-03-25', '2003-03-30', 'LB001', '436.232.985-49'),
	(0, 57, '2015-05-30', '2015-06-11', 'LB001', '436.232.985-49'),
	(0, 58, '2018-07-25', '2018-09-13', 'LB001', '436.232.985-49'),
	
	(0, 60, '2001-01-13', '2001-01-24', 'LB001', '483.410.653-55'),
	(0, 61, '2003-11-25', '2003-12-12', 'LB001', '483.410.653-55'),
	(0, 62, '2003-05-19', '2003-05-24', 'LB001', '483.410.653-55'),
	(0, 63, '2004-07-04', '2004-07-16', 'LB001', '483.410.653-55'),
	
	(0, 64, '2007-05-14', '2007-06-12', 'LB001', '921.670.790-95'),
	(0, 65, '2012-09-11', '2012-09-17', 'LB001', '921.670.790-95'),
	(0, 66, '2014-07-29', '2014-08-26', 'LB001', '921.670.790-95'),
	(0, 67, '2015-06-30', '2010-10-19', 'LB001', '921.670.790-95'),
	
	(0, 68, '2002-09-15', '2002-10-12', 'LB001', '068.103.730-04'),
	(0, 69, '2002-11-02', '2002-11-07', 'LB001', '068.103.730-04'),
	(0, 70, '2016-03-04', '2016-04-05', 'LB001', '068.103.730-04'),
	(0, 71, '2017-07-22', '2017-07-18', 'LB001', '068.103.730-04'),
	
	(0, 72, '2005-12-01', '2005-12-07', 'LB001', '844.695.514-81'),
	(0, 73, '2011-05-05', '2011-05-15', 'LB001', '844.695.514-81'),
	(0, 74, '2017-03-16', '2017-03-30', 'LB001', '844.695.514-81'),
	(0, 75, '2018-07-29', '2018-07-30', 'LB001', '844.695.514-81'),
	
	(0, 76, '2004-12-12', '2004-12-17', 'LB001', '107.590.579-66'),
	(0, 77, '2004-05-25', '2004-05-27', 'LB001', '107.590.579-66'),
	(0, 78, '2010-07-17', '2010-06-29', 'LB001', '107.590.579-66'),
	(0, 79, '2020-03-04', '2020-03-13', 'LB001', '107.590.579-66'),
	
	(0, 80, '2004-02-09', '2004-03-13', 'LB001', '294.023.462-01'),
	(0, 81, '2005-02-20', '2005-02-27', 'LB001', '294.023.462-01'),
	(0, 82, '2006-02-15', '2006-04-17', 'LB001', '294.023.462-01'),
	(0, 83, '2007-11-01', '2007-11-24', 'LB001', '294.023.462-01'),
	
	(0, 84, '2001-12-31', '2002-01-07', 'LB001', '851.618.421-80'),
	(0, 85, '2004-03-02', '2004-03-11', 'LB001', '851.618.421-80'),
	(0, 86, '2007-04-15', '2007-04-17', 'LB001', '851.618.421-80'),
	(0, 87, '2008-09-17', '2008-09-20', 'LB001', '851.618.421-80'),
	
	(0, 88, '2003-08-29', '2003-09-23', 'LB001', '742.819.788-01'),
	(0, 89, '2007-11-17', '2007-11-19', 'LB001', '742.819.788-01'),
	(0, 90, '2003-04-03', '2003-04-11', 'LB001', '742.819.788-01'),
	(0, 91, '2010-09-11', '2010-09-18', 'LB001', '742.819.788-01'),
	
	(0, 92, '2000-01-28', '2000-01-30', 'LB001', '538.758.667-38'),
	(0, 93, '2002-03-14', '2002-03-22', 'LB001', '538.758.667-38'),
	(0, 94, '2004-08-02', '2004-08-09', 'LB001', '538.758.667-38'),
	(0, 95, '2010-05-03', '2010-05-11', 'LB001', '538.758.667-38'),
	
	(0, 96, '2001-01-11', '2001-01-24', 'LB001', '188.647.372-27'),
	(0, 97, '2004-12-05', '2004-12-08', 'LB001', '188.647.372-27'),
	(0, 98, '2009-10-07', '2009-10-16', 'LB001', '188.647.372-27'),
	
	(0, 99, '2002-07-14', '2002-07-20', 'LB001', '645.173.749-63'),
	(0, 100, '2011-06-17', '2011-06-20', 'LB001', '645.173.749-63'),
	(0, 101, '2014-11-25', '2014-11-30', 'LB001', '645.173.749-63'),
	(0, 102, '2016-12-16', '2016-12-18', 'LB001', '645.173.749-63'),
	
	(0, 103, '2012-07-27', '2012-08-30', 'LB001', '666.418.353-67'),
	(0, 104, '2015-02-10', '2015-02-27', 'LB001', '666.418.353-67'),
	(0, 105, '2016-04-09', '2016-04-24', 'LB001', '666.418.353-67'),
	
	(0, 106, '2010-10-10', '2010-10-10', 'LB001', '578.205.336-41'),
	(0, 107, '2012-03-19', '2012-03-19', 'LB001', '578.205.336-41'),
	
	(0, 108, '2013-04-25', '2013-04-28', 'LB001', '448.953.115-03'),
	(0, 109, '2017-09-30', '2017-10-06', 'LB001', '448.953.115-03'),
	
	(0, 110, '2018-08-01', '2018-10-03', 'LB001', '530.492.786-92'),
	(0, 111, '2018-12-12', '2018-12-25', 'LB001', '530.492.786-92'),
	(0, 112, '2019-08-14', '2019-08-26', 'LB001', '530.492.786-92'),
	
	(0, 113, '2009-05-14', '2009-05-20', 'LB001', '486.038.078-92'),
	(0, 114, '2010-11-01', '2010-11-19', 'LB001', '486.038.078-92'),
	(0, 115, '2014-10-02', '2014-10-27', 'LB001', '486.038.078-92'),
	(0, 116, '2015-08-06', '2015-08-15', 'LB001', '486.038.078-92'),
	
	(0, 117, '2019-11-17', '2019-12-30', 'LB001', '140.949.640-61'),
	
	(0, 118, '2008-09-09', '2008-09-11', 'LB001', '269.530.728-49'),
	(0, 119, '2011-02-17', '2011-02-20', 'LB001', '269.530.728-49'),
	(0, 120, '2013-01-26', '2013-01-29', 'LB001', '269.530.728-49'),
	(0, 121, '2018-12-23', '2018-12-30', 'LB001', '269.530.728-49'),
	(0, 122, '2019-10-12', '2019-11-01', 'LB001', '269.530.728-49'),
	
	(0, 123, '2015-04-03', '2015-04-24', 'LB001', '787.976.063-67'),
	(0, 124, '2019-07-17', '2018-08-12', 'LB001', '787.976.063-67'),
	
	(0, 125, '2017-02-05', '2017-02-20', 'LB001', '195.907.118-12'),
	(0, 126, '2018-07-13', '2018-10-14', 'LB001', '195.907.118-12'),
	
	(0, 127, '2013-08-17', '2013-08-26', 'LB001', '065.603.436-00'),
	(0, 128, '2014-09-02', '2014-09-04', 'LB001', '065.603.436-00'),
	
	(1, 129, '2021-01-14', '0000-00-00', 'LB001', '224.447.809-22'),
	(1, 130, '2021-04-24', '0000-00-00', 'LB002', '494.194.016-42'),
	(1, 131, '2021-05-16', '0000-00-00', 'LB003', '345.048.927-58'),
	(1, 132, '2021-03-30', '0000-00-00', 'LB004', '037.734.615-26'),
	(1, 133, '2021-04-14', '0000-00-00', 'LC001', '009.812.684-98'),
	(1, 134, '2021-03-11', '0000-00-00', 'LC002', '263.899.863-00'),
	(1, 135, '2021-03-08', '0000-00-00', 'LC003', '450.331.323-18'),
	(1, 136, '2021-02-20', '0000-00-00', 'LC004', '799.171.576-03'),
	(1, 137, '2021-01-19', '0000-00-00', 'LD001', '901.930.181-01'),
	(1, 138, '2021-01-31', '0000-00-00', 'LD002', '626.142.628-70'),
	(1, 139, '2021-04-17', '0000-00-00', 'LD003', '201.095.279-09'),
	(1, 140, '2021-06-01', '0000-00-00', 'LD004', '856.213.656-58'),
	(1, 141, '2021-04-02', '0000-00-00', 'LE001', '029.226.827-06'),
	(1, 142, '2021-04-16', '0000-00-00', 'LE002', '501.661.629-90'),
	(0, 143, '2019-03-12', '2019-03-17', 'LB001', '429.326.274-14'),
	(0, 144, '2016-06-15', '2017-06-15', 'LA001', '107.341.659-12'),
	(0, 145, '2017-10-26', '2017-11-01', 'LA002', '401.561.328-95'),
	(0, 146, '2018-03-13', '2018-04-11', 'LA003', '201.441.679-22'),
	(0, 147, '2019-07-18', '2019-08-14', 'LA004', '481.561.521-91'),
	(0, 148, '2019-06-13', '2019-07-01', 'LB001', '491.591.529-81'),
	(0, 149, '2021-03-16', '2021-03-20', 'LA002', '800.170.953-10'), 
    (0, 150, '2015-07-12', '2015-07-20', 'LA003', '800.170.953-10'),
    (0, 151, '2018-04-17', '2018-05-11', 'LA002', '800.170.953-10');


INSERT INTO medicamentos VALUES
	('Dipirona', 100, 'Medley', '2027-05-12', 1210033020),
	('Atenolol', 100, 'Medley', '2027-05-12', 1210033452),
	('Losartana', 100, 'Medley', '2027-05-12', 4320033452),
	('CEFALOTINA SÓDICA', 70, 'AUROBINDO PHARMA INDÚSTRIA FARMACÊUTICA LIMITADA', '2026-05-14', 500100102151411),
	('CEFOTAXIMA SÓDICA', 71, 'AUROBINDO PHARMA INDÚSTRIA FARMACÊUTICA LIMITADA', '2026-05-21', 500100305158117),
	('CLORIDRATO DE CIPROFLOXACINO MONOIDRATADO', 50, 'AUROBINDO PHARMA INDÚSTRIA FARMACÊUTICA LIMITADA', '2026-04-02', 500100401114419),
	('ATENOLOL', 25, 'AUROBINDO PHARMA INDÚSTRIA FARMACÊUTICA LIMITADA', '2025-07-01', 500103201116110),
	('VALSARTANA', 80, 'EUROFARMA LABORATÓRIOS S.A.', '2024-12-12', 508014010101404),
	('DELTAMETRINA', 60, 'INFAN INDUSTRIA QUIMICA FARMACEUTICA NACIONAL S/A', '2025-11-10', 511301501162416),
	('CLORIDRATO DE RANITIDINA', 55, 'SANDOZ DO BRASIL INDÚSTRIA FARMACÊUTICA LTDA', '2023-07-20', 511502602111117),
	('ACETATO DE DEXAMETASONA', 30, 'SANDOZ DO BRASIL INDÚSTRIA FARMACÊUTICA LTDA', '2024-01-21', 511502902164410),
	('PANTOPRAZOL SÓDICO SESQUIHIIDRATADO', 39, 'SANDOZ DO BRASIL INDÚSTRIA FARMACÊUTICA LTDA', '2024-01-20', 511507506119413),
	('DIPIRONA SÓDICA', 150, 'HIPOLABOR FARMACEUTICA LTDA', '2027-02-03', 511607101153116),
	('MIDAZOLAM', 85, 'HIPOLABOR FARMACEUTICA LTDA', '2026-10-11', 511607301152415),
	('PARACETAMOL', 99, 'HIPOLABOR FARMACEUTICA LTDA', '2028-01-10', 511607701134112),
	('SULFATO DE MAGNÉSIO', 70, 'HYPOFARMA - INSTITUTO DE HYPODERMIA E FARMÁCIA LTD', '2027-10-13', 511803201157415),
	('IBUPROFENO', 80, 'MANTECORP INDÚSTRIA QUÍMICA E FARMACÊUTICA S.A.', '2025-05-01', 512400201130326),
	('ALPRAZOLAM', 35, 'MANTECORP INDÚSTRIA QUÍMICA E FARMACÊUTICA S.A.', '2025-05-01', 512400302115411),
	('SULFATO DE SALBUTAMOL', 60, 'INDÚSTRIA QUÍMICA DO ESTADO DE GOIÁS S/A - IQUEGO', '2023-06-14', 513003501136413),
	('AMOXICILINA TRIIDRATADA', 200, 'INDÚSTRIA QUÍMICA DO ESTADO DE GOIÁS S/A - IQUEGO', '2024-06-05', 513004101115417),
	('CEFAZOLINA SÓDICA', 90, 'INSTITUTO BIOCHIMICO INDÚSTRIA FARMACÊUTICA LTDA', '2022-06-16', 513401101154413),
	('OMEPRAZOL', 155, 'INSTITUTO BIOCHIMICO INDÚSTRIA FARMACÊUTICA LTDA', '2024-02-14', 513402201111412),
	('CETOCONAZOL', 125, 'NATIVITA IND. COM. LTDA.', '2023-06-14', 542012090002204),
	('DROSPIRENONA', 220, 'ALTHAIA S.A. INDÚSTRIA FARMACÊUTICA', '2022-05-11', 542112060000106),
	('ATORVASTATINA CÁLCICA', 550, 'SUPERA FARMA LABORATÓRIOS S.A', '2028-06-11', 542614040002004),
	('CLORIDRATO DE DONEPEZILA', 450, 'SUPERA FARMA LABORATÓRIOS S.A', '2025-06-25', 542614060002404),
	('IRBESARTANA', 130, 'SUPERA FARMA LABORATÓRIOS S.A', '2026-06-04', 542614060002604),
	('HIDROCLOROTIAZIDA', 300, 'SUPERA FARMA LABORATÓRIOS S.A', '2024-06-12', 542614060002804),
	('MESILATO DE ERIBULINA', 200, 'EISAI LABORATÓRIOS LTDA', '2024-06-12', 542714020000002),
	('ACETATO DE CLORMADINONA', 250, 'GRÜNENTHAL DO BRASIL FARMACÊUTICA LTDA.', '2026-06-11', 542813120000018),
	('LIDOCAÍNA', 300, 'GRÜNENTHAL DO BRASIL FARMACÊUTICA LTDA.', '2024-06-07', 542814070000102),
	('LIDOCAÍNA', 120, 'GRÜNENTHAL DO BRASIL FARMACÊUTICA LTDA.', '2023-06-07', 542814070000502),
	('FATOR VIII DE COAGULAÇÃO', 55, 'EMPRESA BRASILEIRA DE HEMODERIVADOS E BIOTECNOLOGIA', '2024-06-12', 542914010000304),
	('CLORIDRATO DE FLUOXETINA', 200, 'BLISFARMA INDÚSTRIA FARMACÊUTICA LTDA', '2024-06-25', 543114040000306),
	('VALSARTANA', 50, 'MOMENTA FARMACÊUTICA LTDA.', '2023-06-07', 543514060000204),
	('OLMESARTANA MEDOXOMILA', 60, 'MOMENTA FARMACÊUTICA LTDA.', '2022-06-15', 543514060000804),
	('BERACTANTO', 50, 'ABBVIE FARMACÊUTICA LTDA.', '2022-06-16', 543714090000117),
	('IODIXANOL', 65, 'GE HEALTHCARE DO BRASIL COMÉRCIO E SERVIÇOS PARA EQUIPAMENTOS MEDICO-HOSPITALARES LTDA', '2023-06-16', 541612090001004),
	('PIPERACILINA', 150, 'AGILA ESPECIALIDADES FARMACÊUTICAS LTDA', '2023-07-15', 541512050002513),
	('AMPICILINA SÓDICA', 250, 'AGILA ESPECIALIDADES FARMACÊUTICAS LTDA', '2023-05-19', 541512030002316),
	('OXACILINA SÓDICA', 250, 'AGILA ESPECIALIDADES FARMACÊUTICAS LTDA', '2023-10-10', 541512030002116),
	('CEFUROXIMA SÓDICA', 300, 'AGILA ESPECIALIDADES FARMACÊUTICAS LTDA', '2023-09-09', 541512030001104),
	('CEFTAZIDIMA SODICA', 100, 'AGILA ESPECIALIDADES FARMACÊUTICAS LTDA', '2023-06-29', 541512030000714),
	('CLORIDRATO DE VERAPAMIL', 500, 'ARISTON INDÚSTRIAS QUÍMICAS E FARMACÊUTICAS LTDA', '2024-05-20', 541313070015114),
	('PENICILINA BENZÍLICA POTÁSSICO', 150, 'AGILA ESPECIALIDADES FARMACÊUTICAS LTDA', '2023-02-19', 541512030000014),
	('CEFTRIAXONA DISSÓDICA HEMIEPTAIDRATADA', 220, 'AGILA ESPECIALIDADES FARMACÊUTICAS LTDA', '2023-03-19', 541512030001214),
	('IOEXOL', 95, 'GE HEALTHCARE DO BRASIL COMÉRCIO E SERVIÇOS PARA EQUIPAMENTOS MEDICO-HOSPITALARES LTDA', '2023-06-16', 541612040000603);

/* Insere na tabela de agendamentos*/
INSERT INTO agendamentos VALUES
	(1, 0.355, '2021-05-28', 1, '21:34:10', 4, '072.003.190-74', 1210033020),
	(2, 0.15, '2021-06-29', 0, '18:34:10', 4, NULL, 1210033020),
	(3, 0.24, '2021-05-21', 1, '20:00:00', 1, '046.822.991-40', 1210033020),
	(4, 0.24, '2021-05-21', 1, '17:00:00', 4, '072.003.190-74', 1210033020),
	(5, 0.54, '2021-06-30', 0, '00:00:12', 1, NULL, 1210033020),
	(6, 1, '2021-06-13', 1, '18:06:18', 25, '072.003.190-74', 511607301152415),
	(7, 0.7, '2021-06-28', 0, '08:01:19', 135, NULL, 508014010101404),
	(8, 0.95, '2021-06-28', 0, '20:15:03', 130, NULL, 513003501136413),
	(9, 2.35, '2020-08-09', 1, '12:15:03', 41, '250.414.528-74', 511803201157415),
	(10, 0.48, '2000-01-29', 1, '21:15:03', 92, '127.066.920-65', 511607701134112),
	(11, 0.79, '2021-06-22', 0, '09:15:03', 140, NULL, 511507506119413),
	(12, 0.9, '2021-06-23', 0, '17:36:02', 139, NULL, 513402201111412),
	(13, 0.65, '2021-06-24', 0, '20:45:01', 136, NULL, 511607301152415),
	(14, 1.15, '2021-06-25', 0, '22:23:03', 137, NULL, 4320033452),
	(15, 0.09, '2021-06-25', 0, '11:11:11', 142, NULL, 512400201130326),
	(16, 0.45, '2021-06-28', 0, '22:25:02', 134, NULL, 511607101153116),
	(17, 0.7, '2021-06-21', 0, '09:25:03', 132, NULL, 511301501162416),
	(18, 1.1, '2021-06-22', 0, '13:15:03', 141, NULL, 511502602111117),
	(19, 0.59, '2021-06-30', 0, '19:45:03', 138, NULL, 500100401114419),
	(20, 0.85, '2021-06-23', 0, '18:35:03', 131, NULL, 500100305158117),
	(21, 2.1, '2021-06-27', 0, '20:05:03', 133, NULL, 500103201116110),
	(22, 1.7, '2021-06-19', 0, '03:00:03', 130, NULL, 513004101115417),
	(41, 2.1, '2018-08-01', 1, '21:29:36', 110, '127.066.920-65', 511502902164410),
	(42, 2.2, '2018-07-14', 1, '12:29:36', 126, '046.822.991-40', 512400302115411),
	(43, 2.3, '2017-09-20', 1, '21:29:36', 16, '072.003.190-74', 513004101115417),
	(44, 2.4, '2018-12-13', 1, '15:29:36', 111, '136.382.370-10', 1210033452),
	(45, 1.5, '2018-12-24', 1, '01:29:36', 121, '250.414.528-74', 500103201116110),
	(46, 1.4, '2019-02-12', 1, '12:29:36', 3, '252.696.001-73', 500100102151411),
	(47, 1.2, '2019-03-13', 1, '18:50:36', 143, '558.570.920-86', 513401101154413),
	(48, 1.1, '2019-04-09', 1, '19:09:36', 30, '607.500.500-55', 500100305158117),
	(49, 1, '2019-08-16', 1, '20:40:36', 112, '873.325.550-42', 500100401114419),
	(50, 0.9, '2019-10-14', 1, '12:19:36', 122, '213.223.336-53', 511502602111117),
	(51, 0.8, '2019-11-18', 1, '22:09:36', 117, '250.414.528-74', 511301501162416),
	(52, 0.7, '2020-01-15', 1, '21:29:00', 4, '252.696.001-73', 1210033020),
	(53, 0.6, '2020-03-09', 1, '20:32:36', 79, '607.500.500-55', 511607101153116),
	(54, 0.5, '2020-04-14', 1, '15:30:36', 42, '645.566.964-96', 512400201130326),
	(55, 0.4, '2020-05-20', 1, '11:19:16', 2, '657.687.833-85', 4320033452),
	(56, 0.3, '2020-07-09', 1, '05:29:36', 17, '868.500.956-17', 511607301152415),
	(57, 0.2, '2020-08-10', 1, '20:00:36', 41, '046.822.991-40', 511507506119413),
	(58, 0.1, '2021-02-07', 1, '07:30:36', 46, '072.003.190-74', 508014010101404);

INSERT INTO ocorrencias VALUES
	(1, '2021-05-11', '10:12:31', 1, 'Paciente Amanda Jéssica Caroline de Paula, CPF:065.799.448-03 foi internada e alocada para o leito LB001, no dia 11 de Maio de 2021 as 10:12 AM, identificada com a CID A03.2', '072.003.190-74'),
	(2, '2020-01-21', '11:19:16', 2, 'Paciente Amanda Jéssica Caroline de Paula, de CPF: 065.799.448-03 tomou sua medicação e deve ficar um tempo em observação.', '868.500.956-17'),
	(3, '2020-01-22', '21:36:47', 3, 'Paciente Amanda Jéssica Caroline de Paula, CPF:065.799.448-03 foi liberada do leito LB001, no dia 22 de Janeiro de 2020 as 21:36, depois de tomar sua medicação.', '072.003.190-74'),
	(4, '2021-02-28', '22:52:26', 46, 'Paciente Olivia Natália Sueli de Paula, de CPF 012.456.594-80 foi liberada depois de tomar sua medicação e ficar um tempo em observação.', '558.570.920-86'),
	(5, '2020-08-11', '20:32:26', 41, 'Paciente Valentina Fátima Santos, de CPF 759.661.020-07 foi liberada depois de tomar sua medicação e não tempo nenhuma aversão ao medicamento.\r\n\r\n', '607.500.500-55');

/* Insere na tabela de permissões */
INSERT INTO permissoes  VALUES
	(1, 'Cadastrar funcionário'),
	(2, 'Remover funcionário'),
	(3, 'Alterar atribuição do funcionário'),
	(4, 'Editar permissões de cargo'),
	(5, 'Visualizar permissões de cargo'),
	(6, 'Realizar / Agendar Backup'),
	(7, 'Cadastro de plantonista'),
	(8, 'Remoção de plantonista'),
	(9, 'Cadastro de medicamentos'),
	(10, 'Cadastro de CID'),
	(11, 'Remoção de CID'),
	(12, 'Cadastro de agendamento'),
	(13, 'Alocar responsável por agendamento'),
	(14, 'Listagem de plantonistas'),
	(15, 'Listagem de agendamentos cadastrados'),
	(16, 'Responsáveis por aplicação de medicamentos'),
	(17, 'Cadastro de pacientes'),
	(18, 'Visualizar pacientes e prontuários'),
	(19, 'Acesso ao prontuário do paciente'),
	(20, 'Editar informações pessoais do paciente'),
	(21, 'Verificação de Agendamentos'),
	(22, 'Visualização de agendamento realizados pelo funcio'),
	(23, 'Visualização de agendamento alocados para o funcio'),
	(24, 'Aplicação de medicamentos'),
	(25, 'Nomear-se responsável por preparar a aplicação'),
	(26, 'Dar baixa no agendamento'),
	(27, 'Visualizar ocorrências do paciente'),
	(28, 'Registro de ocorrências'),
	(29, 'Cadastro e alocação do leito'),
	(30, 'Remoção do leito'),
	(31, 'Inserir data de internação do paciente'),
	(32, 'Inserir data de saída do paciente'),
	(33, 'Cadastrar prontuário'),
	(34, 'Visualizar histórico de prontuários'),
	(35, 'Listagem de medicamentos cadastrados');

/* Insere na tabela de permisssao_cargo*/ 
INSERT INTO permissao_cargo VALUES
	(1, 1, 1, 1),
	(2, 2, 1, 1),
	(3, 3, 1, 1),
	(4, 4, 1, 1),
	(5, 5, 1, 1),
	(6, 6, 1, 1),
	
	(7, 7, 2, 1),
	(8, 8, 2, 1),
	(9, 9, 2, 1),
	(10, 10, 2, 1),
	(11, 11, 2, 1),
	(12, 12, 2, 1),
	(13, 13, 2, 1),
	(14, 14, 2, 1),
	(15, 15, 2, 0),
	(16, 16, 2, 1),
	(17, 17, 2, 1),
	(18, 18, 2, 1),
	(19, 19, 2, 1),
	(20, 20, 2, 1),
	(21, 21, 2, 0),
	(22, 22, 2, 0),
	(23, 23, 2, 0),
	(24, 24, 2, 1),
	(25, 25, 2, 1),
	(26, 26, 2, 1),
	(27, 27, 2, 1),
	(28, 28, 2, 1),
	(29, 29, 2, 1),
	(30, 30, 2, 1),
	(31, 31, 2, 1),
	(32, 32, 2, 1),
	(33, 33, 2, 1),
	(34, 34, 2, 1),
	(35, 35, 2, 1),

	(36, 7, 3, 0),
	(37, 8, 3, 0),
	(38, 9, 3, 0),
	(39, 10, 3, 1),
	(40, 11, 3, 1),
	(41, 12, 3, 0),
	(42, 13, 3, 0),
	(43, 14, 3, 0),
	(44, 15, 3, 0),
	(45, 16, 3, 0),
	(46, 17, 3, 1),
	(47, 18, 3, 1),
	(48, 19, 3, 1),
	(49, 20, 3, 1),
	(50, 21, 3, 1),
	(51, 22, 3, 1),
	(52, 23, 3, 1),
	(53, 24, 3, 1),
	(54, 25, 3, 1),
	(55, 26, 3, 1),
	(56, 27, 3, 1),
	(57, 28, 3, 1),
	(58, 29, 3, 0),
	(59, 30, 3, 0),
	(60, 31, 3, 1),
	(61, 32, 3, 1),
	(62, 33, 3, 1),
	(63, 34, 3, 1),
	(64, 35, 3, 0),
	
	(65, 7, 4, 0),
	(66, 8, 4, 0),
	(67, 9, 4, 0),
	(68, 10, 4, 0),
	(69, 11, 4, 0),
	(70, 12, 4, 0),
	(71, 13, 4, 0),
	(72, 14, 4, 0),
	(73, 15, 4, 1),
	(74, 16, 4, 0),
	(75, 17, 4, 0),
	(76, 18, 4, 1),
	(77, 19, 4, 1),
	(78, 20, 4, 0),
	(79, 21, 4, 1),
	(80, 22, 4, 1),
	(81, 23, 4, 1),
	(82, 24, 4, 1),
	(83, 25, 4, 1),
	(84, 26, 4, 1),
	(85, 27, 4, 1),
	(86, 28, 4, 1),
	(87, 29, 4, 0),
	(88, 30, 4, 0),
	(89, 31, 4, 1),
	(90, 32, 4, 1),
	(91, 33, 4, 0),
	(92, 34, 4, 1),
	(93, 35, 4, 0);

/* Insere na tabela de backup_agendado*/ 
INSERT INTO backups_agendados VALUES
(1, '0000-00-00', '00:08:00', '177.207.152.184', 1);